alias,complex_id,station
Herald Sq,607,34 St-Herald Sq
Macy's,607,34 St-Herald Sq
Empire State Building,607,34 St-Herald Sq
Barclays,617,Atlantic Av-Barclays Ctr
Barclays Center,617,Atlantic Av-Barclays Ctr
Atlantic Terminal,617,Atlantic Av-Barclays Ctr
Port Authority,611,Times Sq-42 St/42 St-Port Authority Bus Terminal
Port Authority Bus Terminal,611,Times Sq-42 St/42 St-Port Authority Bus Terminal
Times Square,611,Times Sq-42 St/42 St-Port Authority Bus Terminal
Grand Central,610,Grand Central-42 St
Grand Central Terminal,610,Grand Central-42 St
Penn Station,318,34 St-Penn Station (1 2 3)
Penn Station,164,34 St-Penn Station (A C E)
Madison Square Garden,318,34 St-Penn Station (1 2 3)
Madison Square Garden,164,34 St-Penn Station (A C E)
MSG,318,34 St-Penn Station (1 2 3)
MSG,164,34 St-Penn Station (A C E)
WTC,624,Chambers St/Cortlandt St/Park Place/World Trade Center
WTC,328,WTC Cortlandt
World Trade Center,624,Chambers St/Cortlandt St/Park Place/World Trade Center
World Trade Center,328,WTC Cortlandt
Oculus,624,Chambers St/Cortlandt St/Park Place/World Trade Center
Union Sq,602,14 St-Union Sq
Columbus Circle,614,59 St-Columbus Circle
Yankee Stadium,604,161 St-Yankee Stadium
Citi Field,448,Mets-Willets Point
Mets,448,Mets-Willets Point
Jackson Heights,616,Jackson Hts-Roosevelt Av
Jackson Heights,453,82 St-Jackson Hts
Rockefeller Center,225,47-50 Sts-Rockefeller Ctr
Rock Center,225,47-50 Sts-Rockefeller Ctr
Bryant Park,609,42 St-Bryant Pk/5 Av
Lincoln Center,314,66 St-Lincoln Center
Natural History Museum,159,81 St-Museum of Natural History
AMNH,159,81 St-Museum of Natural History
Columbia,307,116 St-Columbia University
Hudson Yards,471,34 St-Hudson Yards
Javits Center,471,34 St-Hudson Yards
Coney Island,58,Coney Island-Stillwell Av
Staten Island Ferry,635,South Ferry/Whitehall St-South Ferry
Whitehall,635,South Ferry/Whitehall St-South Ferry
City Hall,622,Brooklyn Bridge-City Hall/Chambers St
Brooklyn Bridge,622,Brooklyn Bridge-City Hall/Chambers St
Fulton Center,628,Fulton St
MetroTech,636,Jay St-MetroTech
Downtown Brooklyn,636,Jay St-MetroTech
Borough Hall,620,Borough Hall/Court St
JFK,198,Howard Beach-JFK Airport
JFK,279,Sutphin Blvd-Archer Av-JFK Airport
JFK Airport,198,Howard Beach-JFK Airport
JFK Airport,279,Sutphin Blvd-Archer Av-JFK Airport
Bloomingdale's,613,59 St/Lexington Av/59 St
Lex and 59th,613,59 St/Lexington Av/59 St
Chinatown,623,Canal St
Washington Square Park,167,W 4 St-Wash Sq
NYU,167,W 4 St-Wash Sq
MoMA,276,5 Av/53 St
Museum of Modern Art,276,5 Av/53 St
Apollo Theater,153,125 St (A B C D)
Chelsea Market,618,14 St/8 Av
DUMBO,235,York St
Flushing,447,Flushing-Main St
Broadway Junction,621,Broadway Junction
